Column Name,Column Name 1
Early math,https://www.khanacademy.org/math/early-math
Kindergarten,https://www.khanacademy.org/math/cc-kindergarten-math
1st grade,https://www.khanacademy.org/math/cc-1st-grade-math
2nd grade,https://www.khanacademy.org/math/cc-2nd-grade-math
3rd grade,https://www.khanacademy.org/math/cc-third-grade-math
4th grade,https://www.khanacademy.org/math/cc-fourth-grade-math
5th grade,https://www.khanacademy.org/math/cc-fifth-grade-math
6th grade,https://www.khanacademy.org/math/cc-sixth-grade-math
7th grade,https://www.khanacademy.org/math/cc-seventh-grade-math
8th grade,https://www.khanacademy.org/math/cc-eighth-grade-math
Arithmetic,https://www.khanacademy.org/math/arithmetic
Basic geometry,https://www.khanacademy.org/math/basic-geo
Pre-algebra,https://www.khanacademy.org/math/pre-algebra
Algebra basics,https://www.khanacademy.org/math/algebra-basics
Algebra I,https://www.khanacademy.org/math/algebra
High school geometry,https://www.khanacademy.org/math/geometry
Algebra II,https://www.khanacademy.org/math/algebra2
Trigonometry,https://www.khanacademy.org/math/trigonometry
Statistics and probability,https://www.khanacademy.org/math/statistics-probability
High school statistics,https://www.khanacademy.org/math/probability
AP®︎ Statistics,https://www.khanacademy.org/math/ap-statistics
Precalculus,https://www.khanacademy.org/math/precalculus
Differential Calculus,https://www.khanacademy.org/math/differential-calculus
Integral Calculus,https://www.khanacademy.org/math/integral-calculus
AP®︎ Calculus AB,https://www.khanacademy.org/math/ap-calculus-ab
AP®︎ Calculus BC,https://www.khanacademy.org/math/ap-calculus-bc
Calculus 1,https://www.khanacademy.org/math/calculus-1
Calculus 2,https://www.khanacademy.org/math/calculus-2
Multivariable calculus,https://www.khanacademy.org/math/multivariable-calculus
Differential equations,https://www.khanacademy.org/math/differential-equations
Linear algebra,https://www.khanacademy.org/math/linear-algebra
6th grade (Illustrative Mathematics),https://www.khanacademy.org/math/6th-grade-illustrative-math
7th grade (Illustrative Mathematics),https://www.khanacademy.org/math/7th-grade-illustrative-math
8th grade (Illustrative Mathematics),https://www.khanacademy.org/math/8th-grade-illustrative-math
3rd grade (Eureka Math/EngageNY),https://www.khanacademy.org/math/3rd-engage-ny
4th grade (Eureka Math/EngageNY),https://www.khanacademy.org/math/4th-engage-ny
5th grade (Eureka Math/EngageNY),https://www.khanacademy.org/math/5th-engage-ny
6th grade (Eureka Math/EngageNY),https://www.khanacademy.org/math/6th-engage-ny
7th grade (Eureka Math/EngageNY),https://www.khanacademy.org/math/7th-engage-ny
8th grade (Eureka Math/EngageNY),https://www.khanacademy.org/math/8th-engage-ny
Algebra I (Eureka Math/EngageNY),https://www.khanacademy.org/math/engageny-alg-1
Geometry (Eureka Math/EngageNY),https://www.khanacademy.org/math/engageny-geo
Algebra II (Eureka Math/EngageNY),https://www.khanacademy.org/math/engageny-alg2
Precalculus (Eureka Math/EngageNY),https://www.khanacademy.org/math/engageny-precalc
3rd grade foundations (Eureka Math/EngageNY),https://www.khanacademy.org/math/3rd-grade-foundations-engageny
4th grade foundations (Eureka Math/EngageNY),https://www.khanacademy.org/math/4th-grade-foundations-engageny
5th grade foundations (Eureka Math/EngageNY),https://www.khanacademy.org/math/5th-grade-foundations-engageny
6th grade foundations (Eureka Math/EngageNY),https://www.khanacademy.org/math/6th-grade-foundations-engageny
7th grade foundations (Eureka Math/EngageNY),https://www.khanacademy.org/math/7th-grade-foundations-engageny
8th grade foundations (Eureka Math/EngageNY),https://www.khanacademy.org/math/8th-grade-foundations-engageny
Mathematics I,https://www.khanacademy.org/math/math1
Mathematics II,https://www.khanacademy.org/math/math2
Mathematics III,https://www.khanacademy.org/math/math3
Arithmetic (all content),https://www.khanacademy.org/math/arithmetic-home
Algebra (all content),https://www.khanacademy.org/math/algebra-home
Geometry (all content),https://www.khanacademy.org/math/geometry-home
Math for fun and glory,https://www.khanacademy.org/math/math-for-fun-and-glory
